workerid,proliferate.condition,expSet,error
386,condition=H&label=SH&respKeyExp=0&respKeyTest=1,B,
461,condition=H&label=SH&respKeyExp=0&respKeyTest=1,B,
282,condition=H&label=SH&respKeyExp=0&respKeyTest=1,B,
313,condition=H&label=SH&respKeyExp=0&respKeyTest=1,B,
153,condition=H&label=SH&respKeyExp=0&respKeyTest=1,B,
104,condition=H&label=SH&respKeyExp=0&respKeyTest=1,B,
78,condition=H&label=SH&respKeyExp=0&respKeyTest=1,B,
254,condition=H&label=SH&respKeyExp=0&respKeyTest=1,B,
93,condition=H&label=SH&respKeyExp=0&respKeyTest=1,B,
464,condition=H&label=SH&respKeyExp=0&respKeyTest=1,B,
267,condition=H&label=SH&respKeyExp=0&respKeyTest=1,B,
298,condition=H&label=SH&respKeyExp=0&respKeyTest=1,B,
88,condition=H&label=SH&respKeyExp=0&respKeyTest=1,B,
144,condition=H&label=SH&respKeyExp=0&respKeyTest=1,B,
117,condition=H&label=SH&respKeyExp=0&respKeyTest=1,B,
311,condition=H&label=SH&respKeyExp=0&respKeyTest=1,B,
393,condition=H&label=SH&respKeyExp=0&respKeyTest=1,B,
79,condition=H&label=SH&respKeyExp=1&respKeyTest=1,B,
309,condition=H&label=SH&respKeyExp=1&respKeyTest=1,B,
281,condition=H&label=SH&respKeyExp=1&respKeyTest=1,B,
255,condition=H&label=SH&respKeyExp=1&respKeyTest=1,B,
116,condition=H&label=SH&respKeyExp=1&respKeyTest=1,B,
112,condition=H&label=SH&respKeyExp=1&respKeyTest=1,B,
105,condition=H&label=SH&respKeyExp=1&respKeyTest=1,B,
452,condition=H&label=SH&respKeyExp=1&respKeyTest=1,B,
249,condition=H&label=SH&respKeyExp=1&respKeyTest=1,B,
406,condition=H&label=SH&respKeyExp=1&respKeyTest=1,B,
297,condition=H&label=SH&respKeyExp=1&respKeyTest=1,B,
156,condition=H&label=SH&respKeyExp=1&respKeyTest=1,B,
124,condition=H&label=SH&respKeyExp=1&respKeyTest=1,B,
312,condition=H&label=SH&respKeyExp=1&respKeyTest=1,B,
392,condition=H&label=SH&respKeyExp=1&respKeyTest=1,B,
81,condition=H&label=SH&respKeyExp=1&respKeyTest=1,B,
280,condition=M&label=SH&respKeyExp=1&respKeyTest=0,B,
220,condition=M&label=SH&respKeyExp=1&respKeyTest=0,B,
444,condition=M&label=SH&respKeyExp=1&respKeyTest=0,B,
242,condition=M&label=SH&respKeyExp=1&respKeyTest=0,B,
180,condition=M&label=SH&respKeyExp=1&respKeyTest=0,B,
200,condition=M&label=SH&respKeyExp=1&respKeyTest=0,B,
173,condition=M&label=SH&respKeyExp=1&respKeyTest=0,B,
351,condition=M&label=SH&respKeyExp=1&respKeyTest=0,B,
253,condition=M&label=SH&respKeyExp=1&respKeyTest=0,B,
162,condition=M&label=SH&respKeyExp=1&respKeyTest=0,B,
265,condition=M&label=SH&respKeyExp=1&respKeyTest=0,B,
331,condition=M&label=SH&respKeyExp=1&respKeyTest=0,B,
243,condition=M&label=SH&respKeyExp=1&respKeyTest=0,B,
326,condition=M&label=SH&respKeyExp=1&respKeyTest=0,B,
450,condition=M&label=SH&respKeyExp=1&respKeyTest=0,B,
370,condition=M&label=SH&respKeyExp=1&respKeyTest=0,B,
345,condition=H&label=S&respKeyExp=1&respKeyTest=1,B,
148,condition=H&label=S&respKeyExp=1&respKeyTest=1,B,
264,condition=H&label=S&respKeyExp=1&respKeyTest=1,B,
279,condition=H&label=S&respKeyExp=1&respKeyTest=1,B,
150,condition=H&label=S&respKeyExp=1&respKeyTest=1,B,
385,condition=H&label=S&respKeyExp=1&respKeyTest=1,B,
84,condition=H&label=S&respKeyExp=1&respKeyTest=1,B,
71,condition=H&label=S&respKeyExp=1&respKeyTest=1,B,
135,condition=H&label=S&respKeyExp=1&respKeyTest=1,B,
140,condition=H&label=S&respKeyExp=1&respKeyTest=1,B,
143,condition=H&label=S&respKeyExp=1&respKeyTest=1,B,
295,condition=H&label=S&respKeyExp=1&respKeyTest=1,B,
435,condition=H&label=S&respKeyExp=1&respKeyTest=1,B,
368,condition=H&label=S&respKeyExp=1&respKeyTest=1,B,
96,condition=H&label=S&respKeyExp=1&respKeyTest=1,B,
426,condition=H&label=S&respKeyExp=1&respKeyTest=1,B,
448,condition=H&label=S&respKeyExp=1&respKeyTest=0,B,
294,condition=H&label=S&respKeyExp=1&respKeyTest=0,B,
366,condition=H&label=S&respKeyExp=1&respKeyTest=0,B,
278,condition=H&label=S&respKeyExp=1&respKeyTest=0,B,
70,condition=H&label=S&respKeyExp=1&respKeyTest=0,B,
126,condition=H&label=S&respKeyExp=1&respKeyTest=0,B,
357,condition=H&label=S&respKeyExp=1&respKeyTest=0,B,
127,condition=H&label=S&respKeyExp=1&respKeyTest=0,B,
121,condition=H&label=S&respKeyExp=1&respKeyTest=0,B,
134,condition=H&label=S&respKeyExp=1&respKeyTest=0,B,
108,condition=H&label=S&respKeyExp=1&respKeyTest=0,B,
138,condition=H&label=S&respKeyExp=1&respKeyTest=0,B,
115,condition=H&label=S&respKeyExp=1&respKeyTest=0,B,
403,condition=H&label=S&respKeyExp=1&respKeyTest=0,B,
424,condition=H&label=S&respKeyExp=1&respKeyTest=0,B,
119,condition=H&label=S&respKeyExp=1&respKeyTest=0,B,
308,condition=M&label=S&respKeyExp=1&respKeyTest=0,B,
163,condition=M&label=S&respKeyExp=1&respKeyTest=0,B,
402,condition=M&label=S&respKeyExp=1&respKeyTest=0,B,
391,condition=M&label=S&respKeyExp=1&respKeyTest=0,B,
293,condition=M&label=S&respKeyExp=1&respKeyTest=0,B,
335,condition=M&label=S&respKeyExp=1&respKeyTest=0,B,
226,condition=M&label=S&respKeyExp=1&respKeyTest=0,B,
199,condition=M&label=S&respKeyExp=1&respKeyTest=0,B,
160,condition=M&label=S&respKeyExp=1&respKeyTest=0,B,
319,condition=M&label=S&respKeyExp=1&respKeyTest=0,B,
315,condition=M&label=S&respKeyExp=1&respKeyTest=0,B,
384,condition=M&label=S&respKeyExp=1&respKeyTest=0,B,
211,condition=M&label=S&respKeyExp=1&respKeyTest=0,B,
222,condition=M&label=S&respKeyExp=1&respKeyTest=0,B,
193,condition=M&label=S&respKeyExp=1&respKeyTest=0,B,
328,condition=H&label=SH&respKeyExp=1&respKeyTest=0,B,
457,condition=H&label=SH&respKeyExp=1&respKeyTest=0,B,
90,condition=H&label=SH&respKeyExp=1&respKeyTest=0,B,
86,condition=H&label=SH&respKeyExp=1&respKeyTest=0,B,
364,condition=H&label=SH&respKeyExp=1&respKeyTest=0,B,
142,condition=H&label=SH&respKeyExp=1&respKeyTest=0,B,
157,condition=H&label=SH&respKeyExp=1&respKeyTest=0,B,
98,condition=H&label=SH&respKeyExp=1&respKeyTest=0,B,
137,condition=H&label=SH&respKeyExp=1&respKeyTest=0,B,
344,condition=H&label=SH&respKeyExp=1&respKeyTest=0,B,
276,condition=H&label=SH&respKeyExp=1&respKeyTest=0,B,
400,condition=H&label=SH&respKeyExp=1&respKeyTest=0,B,
149,condition=H&label=SH&respKeyExp=1&respKeyTest=0,B,
103,condition=H&label=SH&respKeyExp=1&respKeyTest=0,B,
74,condition=H&label=SH&respKeyExp=1&respKeyTest=0,B,
459,condition=H&label=SH&respKeyExp=1&respKeyTest=0,B,
204,condition=M&label=S&respKeyExp=0&respKeyTest=0,B,
363,condition=M&label=S&respKeyExp=0&respKeyTest=0,B,
379,condition=M&label=S&respKeyExp=0&respKeyTest=0,B,
221,condition=M&label=S&respKeyExp=0&respKeyTest=0,B,
166,condition=M&label=S&respKeyExp=0&respKeyTest=0,B,
291,condition=M&label=S&respKeyExp=0&respKeyTest=0,B,
275,condition=M&label=S&respKeyExp=0&respKeyTest=0,B,
443,condition=M&label=S&respKeyExp=0&respKeyTest=0,B,
231,condition=M&label=S&respKeyExp=0&respKeyTest=0,B,
262,condition=M&label=S&respKeyExp=0&respKeyTest=0,B,
198,condition=M&label=S&respKeyExp=0&respKeyTest=0,B,
202,condition=M&label=S&respKeyExp=0&respKeyTest=0,B,
172,condition=M&label=S&respKeyExp=0&respKeyTest=0,B,
232,condition=M&label=S&respKeyExp=0&respKeyTest=0,B,
399,condition=M&label=S&respKeyExp=0&respKeyTest=0,B,
383,condition=H&label=S&respKeyExp=0&respKeyTest=1,B,
306,condition=H&label=S&respKeyExp=0&respKeyTest=1,B,
73,condition=H&label=S&respKeyExp=0&respKeyTest=1,B,
454,condition=H&label=S&respKeyExp=0&respKeyTest=1,B,
421,condition=H&label=S&respKeyExp=0&respKeyTest=1,B,
118,condition=H&label=S&respKeyExp=0&respKeyTest=1,B,
89,condition=H&label=S&respKeyExp=0&respKeyTest=1,B,
342,condition=H&label=S&respKeyExp=0&respKeyTest=1,B,
290,condition=H&label=S&respKeyExp=0&respKeyTest=1,B,
274,condition=H&label=S&respKeyExp=0&respKeyTest=1,B,
94,condition=H&label=S&respKeyExp=0&respKeyTest=1,B,
404,condition=H&label=S&respKeyExp=0&respKeyTest=1,B,
107,condition=H&label=S&respKeyExp=0&respKeyTest=1,B,
97,condition=H&label=S&respKeyExp=0&respKeyTest=1,B,
155,condition=H&label=S&respKeyExp=0&respKeyTest=1,B,
147,condition=H&label=S&respKeyExp=0&respKeyTest=1,B,
187,condition=M&label=S&respKeyExp=0&respKeyTest=1,B,
179,condition=M&label=S&respKeyExp=0&respKeyTest=1,B,
420,condition=M&label=S&respKeyExp=0&respKeyTest=1,B,
341,condition=M&label=S&respKeyExp=0&respKeyTest=1,B,
260,condition=M&label=S&respKeyExp=0&respKeyTest=1,B,
182,condition=M&label=S&respKeyExp=0&respKeyTest=1,B,
382,condition=M&label=S&respKeyExp=0&respKeyTest=1,B,
376,condition=M&label=S&respKeyExp=0&respKeyTest=1,B,
453,condition=M&label=S&respKeyExp=0&respKeyTest=1,B,
240,condition=M&label=S&respKeyExp=0&respKeyTest=1,B,
176,condition=M&label=S&respKeyExp=0&respKeyTest=1,B,
305,condition=M&label=S&respKeyExp=0&respKeyTest=1,B,
289,condition=M&label=S&respKeyExp=0&respKeyTest=1,B,
230,condition=M&label=S&respKeyExp=0&respKeyTest=1,B,
248,condition=M&label=S&respKeyExp=0&respKeyTest=1,B,
170,condition=M&label=S&respKeyExp=0&respKeyTest=1,B,
169,condition=M&label=SH&respKeyExp=0&respKeyTest=0,B,
209,condition=M&label=SH&respKeyExp=0&respKeyTest=0,B,
321,condition=M&label=SH&respKeyExp=0&respKeyTest=0,B,
188,condition=M&label=SH&respKeyExp=0&respKeyTest=0,B,
175,condition=M&label=SH&respKeyExp=0&respKeyTest=0,B,
398,condition=M&label=SH&respKeyExp=0&respKeyTest=0,B,
451,condition=M&label=SH&respKeyExp=0&respKeyTest=0,B,
323,condition=M&label=SH&respKeyExp=0&respKeyTest=0,B,
181,condition=M&label=SH&respKeyExp=0&respKeyTest=0,B,
325,condition=M&label=SH&respKeyExp=0&respKeyTest=0,B,
442,condition=M&label=SH&respKeyExp=0&respKeyTest=0,B,
196,condition=M&label=SH&respKeyExp=0&respKeyTest=0,B,
456,condition=M&label=SH&respKeyExp=0&respKeyTest=0,B,
194,condition=M&label=SH&respKeyExp=0&respKeyTest=0,B,
288,condition=M&label=SH&respKeyExp=0&respKeyTest=0,B,
214,condition=M&label=SH&respKeyExp=0&respKeyTest=0,B,
369,condition=M&label=SH&respKeyExp=0&respKeyTest=1,B,
303,condition=M&label=SH&respKeyExp=0&respKeyTest=1,B,
178,condition=M&label=SH&respKeyExp=0&respKeyTest=1,B,
227,condition=M&label=SH&respKeyExp=0&respKeyTest=1,B,
241,condition=M&label=SH&respKeyExp=0&respKeyTest=1,B,
201,condition=M&label=SH&respKeyExp=0&respKeyTest=1,B,
168,condition=M&label=SH&respKeyExp=0&respKeyTest=1,B,
449,condition=M&label=SH&respKeyExp=0&respKeyTest=1,B,
218,condition=M&label=SH&respKeyExp=0&respKeyTest=1,B,
271,condition=M&label=SH&respKeyExp=0&respKeyTest=1,B,
197,condition=M&label=SH&respKeyExp=0&respKeyTest=1,B,
378,condition=M&label=SH&respKeyExp=0&respKeyTest=1,B,
208,condition=M&label=SH&respKeyExp=0&respKeyTest=1,B,
433,condition=M&label=SH&respKeyExp=0&respKeyTest=1,B,
213,condition=M&label=SH&respKeyExp=0&respKeyTest=1,B,
287,condition=M&label=SH&respKeyExp=0&respKeyTest=1,B,
186,condition=M&label=SH&respKeyExp=1&respKeyTest=1,B,
375,condition=M&label=SH&respKeyExp=1&respKeyTest=1,B,
380,condition=M&label=SH&respKeyExp=1&respKeyTest=1,B,
236,condition=M&label=SH&respKeyExp=1&respKeyTest=1,B,
361,condition=M&label=SH&respKeyExp=1&respKeyTest=1,B,
245,condition=M&label=SH&respKeyExp=1&respKeyTest=1,B,
229,condition=M&label=SH&respKeyExp=1&respKeyTest=1,B,
462,condition=M&label=SH&respKeyExp=1&respKeyTest=1,B,
247,condition=M&label=SH&respKeyExp=1&respKeyTest=1,B,
184,condition=M&label=SH&respKeyExp=1&respKeyTest=1,B,
463,condition=M&label=SH&respKeyExp=1&respKeyTest=1,B,
177,condition=M&label=SH&respKeyExp=1&respKeyTest=1,B,
416,condition=M&label=SH&respKeyExp=1&respKeyTest=1,B,
286,condition=M&label=SH&respKeyExp=1&respKeyTest=1,B,
235,condition=M&label=SH&respKeyExp=1&respKeyTest=1,B,
161,condition=M&label=SH&respKeyExp=1&respKeyTest=1,B,
239,condition=M&label=SH&respKeyExp=1&respKeyTest=1,B,
158,condition=H&label=SH&respKeyExp=0&respKeyTest=0,B,
85,condition=H&label=SH&respKeyExp=0&respKeyTest=0,B,
128,condition=H&label=SH&respKeyExp=0&respKeyTest=0,B,
285,condition=H&label=SH&respKeyExp=0&respKeyTest=0,B,
72,condition=H&label=SH&respKeyExp=0&respKeyTest=0,B,
114,condition=H&label=SH&respKeyExp=0&respKeyTest=0,B,
415,condition=H&label=SH&respKeyExp=0&respKeyTest=0,B,
438,condition=H&label=SH&respKeyExp=0&respKeyTest=0,B,
123,condition=H&label=SH&respKeyExp=0&respKeyTest=0,B,
258,condition=H&label=SH&respKeyExp=0&respKeyTest=0,B,
270,condition=H&label=SH&respKeyExp=0&respKeyTest=0,B,
139,condition=H&label=SH&respKeyExp=0&respKeyTest=0,B,
360,condition=H&label=SH&respKeyExp=0&respKeyTest=0,B,
409,condition=H&label=SH&respKeyExp=0&respKeyTest=0,B,
87,condition=H&label=SH&respKeyExp=0&respKeyTest=0,B,
348,condition=H&label=SH&respKeyExp=0&respKeyTest=0,B,
122,condition=H&label=S&respKeyExp=0&respKeyTest=0,B,
113,condition=H&label=S&respKeyExp=0&respKeyTest=0,B,
429,condition=H&label=S&respKeyExp=0&respKeyTest=0,B,
414,condition=H&label=S&respKeyExp=0&respKeyTest=0,B,
65,condition=H&label=S&respKeyExp=0&respKeyTest=0,B,
66,condition=H&label=S&respKeyExp=0&respKeyTest=0,B,
284,condition=H&label=S&respKeyExp=0&respKeyTest=0,B,
154,condition=H&label=S&respKeyExp=0&respKeyTest=0,B,
92,condition=H&label=S&respKeyExp=0&respKeyTest=0,B,
394,condition=H&label=S&respKeyExp=0&respKeyTest=0,B,
133,condition=H&label=S&respKeyExp=0&respKeyTest=0,B,
316,condition=H&label=S&respKeyExp=0&respKeyTest=0,B,
436,condition=H&label=S&respKeyExp=0&respKeyTest=0,B,
333,condition=H&label=S&respKeyExp=0&respKeyTest=0,B,
125,condition=H&label=S&respKeyExp=0&respKeyTest=0,B,
320,condition=H&label=S&respKeyExp=0&respKeyTest=0,B,
336,condition=H&label=S&respKeyExp=0&respKeyTest=0,B,
203,condition=M&label=S&respKeyExp=1&respKeyTest=1,B,
367,condition=M&label=S&respKeyExp=1&respKeyTest=1,B,
167,condition=M&label=S&respKeyExp=1&respKeyTest=1,B,
314,condition=M&label=S&respKeyExp=1&respKeyTest=1,B,
195,condition=M&label=S&respKeyExp=1&respKeyTest=1,B,
174,condition=M&label=S&respKeyExp=1&respKeyTest=1,B,
412,condition=M&label=S&respKeyExp=1&respKeyTest=1,B,
251,condition=M&label=S&respKeyExp=1&respKeyTest=1,B,
317,condition=M&label=S&respKeyExp=1&respKeyTest=1,B,
165,condition=M&label=S&respKeyExp=1&respKeyTest=1,B,
425,condition=M&label=S&respKeyExp=1&respKeyTest=1,B,
439,condition=M&label=S&respKeyExp=1&respKeyTest=1,B,
318,condition=M&label=S&respKeyExp=1&respKeyTest=1,B,
223,condition=M&label=S&respKeyExp=1&respKeyTest=1,B,
283,condition=M&label=S&respKeyExp=1&respKeyTest=1,B,
246,condition=M&label=S&respKeyExp=1&respKeyTest=1,B,
