workerid,prolific_participant_id
386,<no-id>
461,<no-id>
282,<no-id>
313,<no-id>
153,<no-id>
104,<no-id>
78,<no-id>
254,<no-id>
93,<no-id>
464,<no-id>
267,<no-id>
298,<no-id>
88,<no-id>
144,<no-id>
117,<no-id>
311,<no-id>
393,<no-id>
79,<no-id>
309,<no-id>
281,<no-id>
255,<no-id>
116,<no-id>
112,<no-id>
105,<no-id>
452,<no-id>
249,<no-id>
406,<no-id>
297,<no-id>
156,<no-id>
124,<no-id>
312,<no-id>
392,<no-id>
81,<no-id>
280,<no-id>
220,<no-id>
444,<no-id>
242,<no-id>
180,<no-id>
200,<no-id>
173,<no-id>
351,<no-id>
253,<no-id>
162,<no-id>
265,<no-id>
331,<no-id>
243,<no-id>
326,<no-id>
450,<no-id>
370,<no-id>
345,<no-id>
148,<no-id>
264,<no-id>
279,<no-id>
150,<no-id>
385,<no-id>
84,<no-id>
71,<no-id>
135,<no-id>
140,<no-id>
143,<no-id>
295,<no-id>
435,<no-id>
368,<no-id>
96,<no-id>
426,<no-id>
448,<no-id>
294,<no-id>
366,<no-id>
278,<no-id>
70,<no-id>
126,<no-id>
357,<no-id>
127,<no-id>
121,<no-id>
134,<no-id>
108,<no-id>
138,<no-id>
115,<no-id>
403,<no-id>
424,<no-id>
119,<no-id>
308,<no-id>
163,<no-id>
402,<no-id>
391,<no-id>
293,<no-id>
335,<no-id>
226,<no-id>
199,<no-id>
160,<no-id>
319,<no-id>
315,<no-id>
384,<no-id>
211,<no-id>
222,<no-id>
193,<no-id>
328,<no-id>
457,<no-id>
90,<no-id>
86,<no-id>
364,<no-id>
142,<no-id>
157,<no-id>
98,<no-id>
137,<no-id>
344,<no-id>
276,<no-id>
400,<no-id>
149,<no-id>
103,<no-id>
74,<no-id>
459,<no-id>
204,<no-id>
363,<no-id>
379,<no-id>
221,<no-id>
166,<no-id>
291,<no-id>
275,<no-id>
443,<no-id>
231,<no-id>
262,<no-id>
198,<no-id>
202,<no-id>
172,<no-id>
232,<no-id>
399,<no-id>
383,<no-id>
306,<no-id>
73,<no-id>
454,<no-id>
421,<no-id>
118,<no-id>
89,<no-id>
342,<no-id>
290,<no-id>
274,<no-id>
94,<no-id>
404,<no-id>
107,<no-id>
97,<no-id>
155,<no-id>
147,<no-id>
187,<no-id>
179,<no-id>
420,<no-id>
341,<no-id>
260,<no-id>
182,<no-id>
382,<no-id>
376,<no-id>
453,<no-id>
240,<no-id>
176,<no-id>
305,<no-id>
289,<no-id>
230,<no-id>
248,<no-id>
170,<no-id>
169,<no-id>
209,<no-id>
321,<no-id>
188,<no-id>
175,<no-id>
398,<no-id>
451,<no-id>
323,<no-id>
181,<no-id>
325,<no-id>
442,<no-id>
196,<no-id>
456,<no-id>
194,<no-id>
288,<no-id>
214,<no-id>
369,<no-id>
303,<no-id>
178,<no-id>
227,<no-id>
241,<no-id>
201,<no-id>
168,<no-id>
449,<no-id>
218,<no-id>
271,<no-id>
197,<no-id>
378,<no-id>
208,<no-id>
433,<no-id>
213,<no-id>
287,<no-id>
186,<no-id>
375,<no-id>
380,<no-id>
236,<no-id>
361,<no-id>
245,<no-id>
229,<no-id>
462,<no-id>
247,<no-id>
184,<no-id>
463,<no-id>
177,<no-id>
416,<no-id>
286,<no-id>
235,<no-id>
161,<no-id>
239,<no-id>
158,<no-id>
85,<no-id>
128,<no-id>
285,<no-id>
72,<no-id>
114,<no-id>
415,<no-id>
438,<no-id>
123,<no-id>
258,<no-id>
270,<no-id>
139,<no-id>
360,<no-id>
409,<no-id>
87,<no-id>
348,<no-id>
122,<no-id>
113,<no-id>
429,<no-id>
414,<no-id>
65,<no-id>
66,<no-id>
284,<no-id>
154,<no-id>
92,<no-id>
394,<no-id>
133,<no-id>
316,<no-id>
436,<no-id>
333,<no-id>
125,<no-id>
320,<no-id>
336,<no-id>
203,<no-id>
367,<no-id>
167,<no-id>
314,<no-id>
195,<no-id>
174,<no-id>
412,<no-id>
251,<no-id>
317,<no-id>
165,<no-id>
425,<no-id>
439,<no-id>
318,<no-id>
223,<no-id>
283,<no-id>
246,<no-id>
