workerid,proliferate.condition,rsrb.protocol,error
386,condition=H&label=SH&respKeyExp=0&respKeyTest=1,RSRB00045955,
461,condition=H&label=SH&respKeyExp=0&respKeyTest=1,RSRB00045955,
282,condition=H&label=SH&respKeyExp=0&respKeyTest=1,RSRB00045955,
313,condition=H&label=SH&respKeyExp=0&respKeyTest=1,RSRB00045955,
153,condition=H&label=SH&respKeyExp=0&respKeyTest=1,RSRB00045955,
104,condition=H&label=SH&respKeyExp=0&respKeyTest=1,RSRB00045955,
78,condition=H&label=SH&respKeyExp=0&respKeyTest=1,RSRB00045955,
254,condition=H&label=SH&respKeyExp=0&respKeyTest=1,RSRB00045955,
93,condition=H&label=SH&respKeyExp=0&respKeyTest=1,RSRB00045955,
464,condition=H&label=SH&respKeyExp=0&respKeyTest=1,RSRB00045955,
267,condition=H&label=SH&respKeyExp=0&respKeyTest=1,RSRB00045955,
298,condition=H&label=SH&respKeyExp=0&respKeyTest=1,RSRB00045955,
88,condition=H&label=SH&respKeyExp=0&respKeyTest=1,RSRB00045955,
144,condition=H&label=SH&respKeyExp=0&respKeyTest=1,RSRB00045955,
117,condition=H&label=SH&respKeyExp=0&respKeyTest=1,RSRB00045955,
311,condition=H&label=SH&respKeyExp=0&respKeyTest=1,RSRB00045955,
393,condition=H&label=SH&respKeyExp=0&respKeyTest=1,RSRB00045955,
79,condition=H&label=SH&respKeyExp=1&respKeyTest=1,RSRB00045955,
309,condition=H&label=SH&respKeyExp=1&respKeyTest=1,RSRB00045955,
281,condition=H&label=SH&respKeyExp=1&respKeyTest=1,RSRB00045955,
255,condition=H&label=SH&respKeyExp=1&respKeyTest=1,RSRB00045955,
116,condition=H&label=SH&respKeyExp=1&respKeyTest=1,RSRB00045955,
112,condition=H&label=SH&respKeyExp=1&respKeyTest=1,RSRB00045955,
105,condition=H&label=SH&respKeyExp=1&respKeyTest=1,RSRB00045955,
452,condition=H&label=SH&respKeyExp=1&respKeyTest=1,RSRB00045955,
249,condition=H&label=SH&respKeyExp=1&respKeyTest=1,RSRB00045955,
406,condition=H&label=SH&respKeyExp=1&respKeyTest=1,RSRB00045955,
297,condition=H&label=SH&respKeyExp=1&respKeyTest=1,RSRB00045955,
156,condition=H&label=SH&respKeyExp=1&respKeyTest=1,RSRB00045955,
124,condition=H&label=SH&respKeyExp=1&respKeyTest=1,RSRB00045955,
312,condition=H&label=SH&respKeyExp=1&respKeyTest=1,RSRB00045955,
392,condition=H&label=SH&respKeyExp=1&respKeyTest=1,RSRB00045955,
81,condition=H&label=SH&respKeyExp=1&respKeyTest=1,RSRB00045955,
280,condition=M&label=SH&respKeyExp=1&respKeyTest=0,RSRB00045955,
220,condition=M&label=SH&respKeyExp=1&respKeyTest=0,RSRB00045955,
444,condition=M&label=SH&respKeyExp=1&respKeyTest=0,RSRB00045955,
242,condition=M&label=SH&respKeyExp=1&respKeyTest=0,RSRB00045955,
180,condition=M&label=SH&respKeyExp=1&respKeyTest=0,RSRB00045955,
200,condition=M&label=SH&respKeyExp=1&respKeyTest=0,RSRB00045955,
173,condition=M&label=SH&respKeyExp=1&respKeyTest=0,RSRB00045955,
351,condition=M&label=SH&respKeyExp=1&respKeyTest=0,RSRB00045955,
253,condition=M&label=SH&respKeyExp=1&respKeyTest=0,RSRB00045955,
162,condition=M&label=SH&respKeyExp=1&respKeyTest=0,RSRB00045955,
265,condition=M&label=SH&respKeyExp=1&respKeyTest=0,RSRB00045955,
331,condition=M&label=SH&respKeyExp=1&respKeyTest=0,RSRB00045955,
243,condition=M&label=SH&respKeyExp=1&respKeyTest=0,RSRB00045955,
326,condition=M&label=SH&respKeyExp=1&respKeyTest=0,RSRB00045955,
450,condition=M&label=SH&respKeyExp=1&respKeyTest=0,RSRB00045955,
370,condition=M&label=SH&respKeyExp=1&respKeyTest=0,RSRB00045955,
345,condition=H&label=S&respKeyExp=1&respKeyTest=1,RSRB00045955,
148,condition=H&label=S&respKeyExp=1&respKeyTest=1,RSRB00045955,
264,condition=H&label=S&respKeyExp=1&respKeyTest=1,RSRB00045955,
279,condition=H&label=S&respKeyExp=1&respKeyTest=1,RSRB00045955,
150,condition=H&label=S&respKeyExp=1&respKeyTest=1,RSRB00045955,
385,condition=H&label=S&respKeyExp=1&respKeyTest=1,RSRB00045955,
84,condition=H&label=S&respKeyExp=1&respKeyTest=1,RSRB00045955,
71,condition=H&label=S&respKeyExp=1&respKeyTest=1,RSRB00045955,
135,condition=H&label=S&respKeyExp=1&respKeyTest=1,RSRB00045955,
140,condition=H&label=S&respKeyExp=1&respKeyTest=1,RSRB00045955,
143,condition=H&label=S&respKeyExp=1&respKeyTest=1,RSRB00045955,
295,condition=H&label=S&respKeyExp=1&respKeyTest=1,RSRB00045955,
435,condition=H&label=S&respKeyExp=1&respKeyTest=1,RSRB00045955,
368,condition=H&label=S&respKeyExp=1&respKeyTest=1,RSRB00045955,
96,condition=H&label=S&respKeyExp=1&respKeyTest=1,RSRB00045955,
426,condition=H&label=S&respKeyExp=1&respKeyTest=1,RSRB00045955,
448,condition=H&label=S&respKeyExp=1&respKeyTest=0,RSRB00045955,
294,condition=H&label=S&respKeyExp=1&respKeyTest=0,RSRB00045955,
366,condition=H&label=S&respKeyExp=1&respKeyTest=0,RSRB00045955,
278,condition=H&label=S&respKeyExp=1&respKeyTest=0,RSRB00045955,
70,condition=H&label=S&respKeyExp=1&respKeyTest=0,RSRB00045955,
126,condition=H&label=S&respKeyExp=1&respKeyTest=0,RSRB00045955,
357,condition=H&label=S&respKeyExp=1&respKeyTest=0,RSRB00045955,
127,condition=H&label=S&respKeyExp=1&respKeyTest=0,RSRB00045955,
121,condition=H&label=S&respKeyExp=1&respKeyTest=0,RSRB00045955,
134,condition=H&label=S&respKeyExp=1&respKeyTest=0,RSRB00045955,
108,condition=H&label=S&respKeyExp=1&respKeyTest=0,RSRB00045955,
138,condition=H&label=S&respKeyExp=1&respKeyTest=0,RSRB00045955,
115,condition=H&label=S&respKeyExp=1&respKeyTest=0,RSRB00045955,
403,condition=H&label=S&respKeyExp=1&respKeyTest=0,RSRB00045955,
424,condition=H&label=S&respKeyExp=1&respKeyTest=0,RSRB00045955,
119,condition=H&label=S&respKeyExp=1&respKeyTest=0,RSRB00045955,
308,condition=M&label=S&respKeyExp=1&respKeyTest=0,RSRB00045955,
163,condition=M&label=S&respKeyExp=1&respKeyTest=0,RSRB00045955,
402,condition=M&label=S&respKeyExp=1&respKeyTest=0,RSRB00045955,
391,condition=M&label=S&respKeyExp=1&respKeyTest=0,RSRB00045955,
293,condition=M&label=S&respKeyExp=1&respKeyTest=0,RSRB00045955,
335,condition=M&label=S&respKeyExp=1&respKeyTest=0,RSRB00045955,
226,condition=M&label=S&respKeyExp=1&respKeyTest=0,RSRB00045955,
199,condition=M&label=S&respKeyExp=1&respKeyTest=0,RSRB00045955,
160,condition=M&label=S&respKeyExp=1&respKeyTest=0,RSRB00045955,
319,condition=M&label=S&respKeyExp=1&respKeyTest=0,RSRB00045955,
315,condition=M&label=S&respKeyExp=1&respKeyTest=0,RSRB00045955,
384,condition=M&label=S&respKeyExp=1&respKeyTest=0,RSRB00045955,
211,condition=M&label=S&respKeyExp=1&respKeyTest=0,RSRB00045955,
222,condition=M&label=S&respKeyExp=1&respKeyTest=0,RSRB00045955,
193,condition=M&label=S&respKeyExp=1&respKeyTest=0,RSRB00045955,
328,condition=H&label=SH&respKeyExp=1&respKeyTest=0,RSRB00045955,
457,condition=H&label=SH&respKeyExp=1&respKeyTest=0,RSRB00045955,
90,condition=H&label=SH&respKeyExp=1&respKeyTest=0,RSRB00045955,
86,condition=H&label=SH&respKeyExp=1&respKeyTest=0,RSRB00045955,
364,condition=H&label=SH&respKeyExp=1&respKeyTest=0,RSRB00045955,
142,condition=H&label=SH&respKeyExp=1&respKeyTest=0,RSRB00045955,
157,condition=H&label=SH&respKeyExp=1&respKeyTest=0,RSRB00045955,
98,condition=H&label=SH&respKeyExp=1&respKeyTest=0,RSRB00045955,
137,condition=H&label=SH&respKeyExp=1&respKeyTest=0,RSRB00045955,
344,condition=H&label=SH&respKeyExp=1&respKeyTest=0,RSRB00045955,
276,condition=H&label=SH&respKeyExp=1&respKeyTest=0,RSRB00045955,
400,condition=H&label=SH&respKeyExp=1&respKeyTest=0,RSRB00045955,
149,condition=H&label=SH&respKeyExp=1&respKeyTest=0,RSRB00045955,
103,condition=H&label=SH&respKeyExp=1&respKeyTest=0,RSRB00045955,
74,condition=H&label=SH&respKeyExp=1&respKeyTest=0,RSRB00045955,
459,condition=H&label=SH&respKeyExp=1&respKeyTest=0,RSRB00045955,
204,condition=M&label=S&respKeyExp=0&respKeyTest=0,RSRB00045955,
363,condition=M&label=S&respKeyExp=0&respKeyTest=0,RSRB00045955,
379,condition=M&label=S&respKeyExp=0&respKeyTest=0,RSRB00045955,
221,condition=M&label=S&respKeyExp=0&respKeyTest=0,RSRB00045955,
166,condition=M&label=S&respKeyExp=0&respKeyTest=0,RSRB00045955,
291,condition=M&label=S&respKeyExp=0&respKeyTest=0,RSRB00045955,
275,condition=M&label=S&respKeyExp=0&respKeyTest=0,RSRB00045955,
443,condition=M&label=S&respKeyExp=0&respKeyTest=0,RSRB00045955,
231,condition=M&label=S&respKeyExp=0&respKeyTest=0,RSRB00045955,
262,condition=M&label=S&respKeyExp=0&respKeyTest=0,RSRB00045955,
198,condition=M&label=S&respKeyExp=0&respKeyTest=0,RSRB00045955,
202,condition=M&label=S&respKeyExp=0&respKeyTest=0,RSRB00045955,
172,condition=M&label=S&respKeyExp=0&respKeyTest=0,RSRB00045955,
232,condition=M&label=S&respKeyExp=0&respKeyTest=0,RSRB00045955,
399,condition=M&label=S&respKeyExp=0&respKeyTest=0,RSRB00045955,
383,condition=H&label=S&respKeyExp=0&respKeyTest=1,RSRB00045955,
306,condition=H&label=S&respKeyExp=0&respKeyTest=1,RSRB00045955,
73,condition=H&label=S&respKeyExp=0&respKeyTest=1,RSRB00045955,
454,condition=H&label=S&respKeyExp=0&respKeyTest=1,RSRB00045955,
421,condition=H&label=S&respKeyExp=0&respKeyTest=1,RSRB00045955,
118,condition=H&label=S&respKeyExp=0&respKeyTest=1,RSRB00045955,
89,condition=H&label=S&respKeyExp=0&respKeyTest=1,RSRB00045955,
342,condition=H&label=S&respKeyExp=0&respKeyTest=1,RSRB00045955,
290,condition=H&label=S&respKeyExp=0&respKeyTest=1,RSRB00045955,
274,condition=H&label=S&respKeyExp=0&respKeyTest=1,RSRB00045955,
94,condition=H&label=S&respKeyExp=0&respKeyTest=1,RSRB00045955,
404,condition=H&label=S&respKeyExp=0&respKeyTest=1,RSRB00045955,
107,condition=H&label=S&respKeyExp=0&respKeyTest=1,RSRB00045955,
97,condition=H&label=S&respKeyExp=0&respKeyTest=1,RSRB00045955,
155,condition=H&label=S&respKeyExp=0&respKeyTest=1,RSRB00045955,
147,condition=H&label=S&respKeyExp=0&respKeyTest=1,RSRB00045955,
187,condition=M&label=S&respKeyExp=0&respKeyTest=1,RSRB00045955,
179,condition=M&label=S&respKeyExp=0&respKeyTest=1,RSRB00045955,
420,condition=M&label=S&respKeyExp=0&respKeyTest=1,RSRB00045955,
341,condition=M&label=S&respKeyExp=0&respKeyTest=1,RSRB00045955,
260,condition=M&label=S&respKeyExp=0&respKeyTest=1,RSRB00045955,
182,condition=M&label=S&respKeyExp=0&respKeyTest=1,RSRB00045955,
382,condition=M&label=S&respKeyExp=0&respKeyTest=1,RSRB00045955,
376,condition=M&label=S&respKeyExp=0&respKeyTest=1,RSRB00045955,
453,condition=M&label=S&respKeyExp=0&respKeyTest=1,RSRB00045955,
240,condition=M&label=S&respKeyExp=0&respKeyTest=1,RSRB00045955,
176,condition=M&label=S&respKeyExp=0&respKeyTest=1,RSRB00045955,
305,condition=M&label=S&respKeyExp=0&respKeyTest=1,RSRB00045955,
289,condition=M&label=S&respKeyExp=0&respKeyTest=1,RSRB00045955,
230,condition=M&label=S&respKeyExp=0&respKeyTest=1,RSRB00045955,
248,condition=M&label=S&respKeyExp=0&respKeyTest=1,RSRB00045955,
170,condition=M&label=S&respKeyExp=0&respKeyTest=1,RSRB00045955,
169,condition=M&label=SH&respKeyExp=0&respKeyTest=0,RSRB00045955,
209,condition=M&label=SH&respKeyExp=0&respKeyTest=0,RSRB00045955,
321,condition=M&label=SH&respKeyExp=0&respKeyTest=0,RSRB00045955,
188,condition=M&label=SH&respKeyExp=0&respKeyTest=0,RSRB00045955,
175,condition=M&label=SH&respKeyExp=0&respKeyTest=0,RSRB00045955,
398,condition=M&label=SH&respKeyExp=0&respKeyTest=0,RSRB00045955,
451,condition=M&label=SH&respKeyExp=0&respKeyTest=0,RSRB00045955,
323,condition=M&label=SH&respKeyExp=0&respKeyTest=0,RSRB00045955,
181,condition=M&label=SH&respKeyExp=0&respKeyTest=0,RSRB00045955,
325,condition=M&label=SH&respKeyExp=0&respKeyTest=0,RSRB00045955,
442,condition=M&label=SH&respKeyExp=0&respKeyTest=0,RSRB00045955,
196,condition=M&label=SH&respKeyExp=0&respKeyTest=0,RSRB00045955,
456,condition=M&label=SH&respKeyExp=0&respKeyTest=0,RSRB00045955,
194,condition=M&label=SH&respKeyExp=0&respKeyTest=0,RSRB00045955,
288,condition=M&label=SH&respKeyExp=0&respKeyTest=0,RSRB00045955,
214,condition=M&label=SH&respKeyExp=0&respKeyTest=0,RSRB00045955,
369,condition=M&label=SH&respKeyExp=0&respKeyTest=1,RSRB00045955,
303,condition=M&label=SH&respKeyExp=0&respKeyTest=1,RSRB00045955,
178,condition=M&label=SH&respKeyExp=0&respKeyTest=1,RSRB00045955,
227,condition=M&label=SH&respKeyExp=0&respKeyTest=1,RSRB00045955,
241,condition=M&label=SH&respKeyExp=0&respKeyTest=1,RSRB00045955,
201,condition=M&label=SH&respKeyExp=0&respKeyTest=1,RSRB00045955,
168,condition=M&label=SH&respKeyExp=0&respKeyTest=1,RSRB00045955,
449,condition=M&label=SH&respKeyExp=0&respKeyTest=1,RSRB00045955,
218,condition=M&label=SH&respKeyExp=0&respKeyTest=1,RSRB00045955,
271,condition=M&label=SH&respKeyExp=0&respKeyTest=1,RSRB00045955,
197,condition=M&label=SH&respKeyExp=0&respKeyTest=1,RSRB00045955,
378,condition=M&label=SH&respKeyExp=0&respKeyTest=1,RSRB00045955,
208,condition=M&label=SH&respKeyExp=0&respKeyTest=1,RSRB00045955,
433,condition=M&label=SH&respKeyExp=0&respKeyTest=1,RSRB00045955,
213,condition=M&label=SH&respKeyExp=0&respKeyTest=1,RSRB00045955,
287,condition=M&label=SH&respKeyExp=0&respKeyTest=1,RSRB00045955,
186,condition=M&label=SH&respKeyExp=1&respKeyTest=1,RSRB00045955,
375,condition=M&label=SH&respKeyExp=1&respKeyTest=1,RSRB00045955,
380,condition=M&label=SH&respKeyExp=1&respKeyTest=1,RSRB00045955,
236,condition=M&label=SH&respKeyExp=1&respKeyTest=1,RSRB00045955,
361,condition=M&label=SH&respKeyExp=1&respKeyTest=1,RSRB00045955,
245,condition=M&label=SH&respKeyExp=1&respKeyTest=1,RSRB00045955,
229,condition=M&label=SH&respKeyExp=1&respKeyTest=1,RSRB00045955,
462,condition=M&label=SH&respKeyExp=1&respKeyTest=1,RSRB00045955,
247,condition=M&label=SH&respKeyExp=1&respKeyTest=1,RSRB00045955,
184,condition=M&label=SH&respKeyExp=1&respKeyTest=1,RSRB00045955,
463,condition=M&label=SH&respKeyExp=1&respKeyTest=1,RSRB00045955,
177,condition=M&label=SH&respKeyExp=1&respKeyTest=1,RSRB00045955,
416,condition=M&label=SH&respKeyExp=1&respKeyTest=1,RSRB00045955,
286,condition=M&label=SH&respKeyExp=1&respKeyTest=1,RSRB00045955,
235,condition=M&label=SH&respKeyExp=1&respKeyTest=1,RSRB00045955,
161,condition=M&label=SH&respKeyExp=1&respKeyTest=1,RSRB00045955,
239,condition=M&label=SH&respKeyExp=1&respKeyTest=1,RSRB00045955,
158,condition=H&label=SH&respKeyExp=0&respKeyTest=0,RSRB00045955,
85,condition=H&label=SH&respKeyExp=0&respKeyTest=0,RSRB00045955,
128,condition=H&label=SH&respKeyExp=0&respKeyTest=0,RSRB00045955,
285,condition=H&label=SH&respKeyExp=0&respKeyTest=0,RSRB00045955,
72,condition=H&label=SH&respKeyExp=0&respKeyTest=0,RSRB00045955,
114,condition=H&label=SH&respKeyExp=0&respKeyTest=0,RSRB00045955,
415,condition=H&label=SH&respKeyExp=0&respKeyTest=0,RSRB00045955,
438,condition=H&label=SH&respKeyExp=0&respKeyTest=0,RSRB00045955,
123,condition=H&label=SH&respKeyExp=0&respKeyTest=0,RSRB00045955,
258,condition=H&label=SH&respKeyExp=0&respKeyTest=0,RSRB00045955,
270,condition=H&label=SH&respKeyExp=0&respKeyTest=0,RSRB00045955,
139,condition=H&label=SH&respKeyExp=0&respKeyTest=0,RSRB00045955,
360,condition=H&label=SH&respKeyExp=0&respKeyTest=0,RSRB00045955,
409,condition=H&label=SH&respKeyExp=0&respKeyTest=0,RSRB00045955,
87,condition=H&label=SH&respKeyExp=0&respKeyTest=0,RSRB00045955,
348,condition=H&label=SH&respKeyExp=0&respKeyTest=0,RSRB00045955,
122,condition=H&label=S&respKeyExp=0&respKeyTest=0,RSRB00045955,
113,condition=H&label=S&respKeyExp=0&respKeyTest=0,RSRB00045955,
429,condition=H&label=S&respKeyExp=0&respKeyTest=0,RSRB00045955,
414,condition=H&label=S&respKeyExp=0&respKeyTest=0,RSRB00045955,
65,condition=H&label=S&respKeyExp=0&respKeyTest=0,RSRB00045955,
66,condition=H&label=S&respKeyExp=0&respKeyTest=0,RSRB00045955,
284,condition=H&label=S&respKeyExp=0&respKeyTest=0,RSRB00045955,
154,condition=H&label=S&respKeyExp=0&respKeyTest=0,RSRB00045955,
92,condition=H&label=S&respKeyExp=0&respKeyTest=0,RSRB00045955,
394,condition=H&label=S&respKeyExp=0&respKeyTest=0,RSRB00045955,
133,condition=H&label=S&respKeyExp=0&respKeyTest=0,RSRB00045955,
316,condition=H&label=S&respKeyExp=0&respKeyTest=0,RSRB00045955,
436,condition=H&label=S&respKeyExp=0&respKeyTest=0,RSRB00045955,
333,condition=H&label=S&respKeyExp=0&respKeyTest=0,RSRB00045955,
125,condition=H&label=S&respKeyExp=0&respKeyTest=0,RSRB00045955,
320,condition=H&label=S&respKeyExp=0&respKeyTest=0,RSRB00045955,
336,condition=H&label=S&respKeyExp=0&respKeyTest=0,RSRB00045955,
203,condition=M&label=S&respKeyExp=1&respKeyTest=1,RSRB00045955,
367,condition=M&label=S&respKeyExp=1&respKeyTest=1,RSRB00045955,
167,condition=M&label=S&respKeyExp=1&respKeyTest=1,RSRB00045955,
314,condition=M&label=S&respKeyExp=1&respKeyTest=1,RSRB00045955,
195,condition=M&label=S&respKeyExp=1&respKeyTest=1,RSRB00045955,
174,condition=M&label=S&respKeyExp=1&respKeyTest=1,RSRB00045955,
412,condition=M&label=S&respKeyExp=1&respKeyTest=1,RSRB00045955,
251,condition=M&label=S&respKeyExp=1&respKeyTest=1,RSRB00045955,
317,condition=M&label=S&respKeyExp=1&respKeyTest=1,RSRB00045955,
165,condition=M&label=S&respKeyExp=1&respKeyTest=1,RSRB00045955,
425,condition=M&label=S&respKeyExp=1&respKeyTest=1,RSRB00045955,
439,condition=M&label=S&respKeyExp=1&respKeyTest=1,RSRB00045955,
318,condition=M&label=S&respKeyExp=1&respKeyTest=1,RSRB00045955,
223,condition=M&label=S&respKeyExp=1&respKeyTest=1,RSRB00045955,
283,condition=M&label=S&respKeyExp=1&respKeyTest=1,RSRB00045955,
246,condition=M&label=S&respKeyExp=1&respKeyTest=1,RSRB00045955,
